330159; Adamov
330258; Adamov zastávka
573501; Adršpach
744524; Albeø
330142; Albrechtice u Èeského Tìšína
343046; Amalín
349175; Anenská Studánka
550426; Antonínov
730051; Aš
730150; Aš mìsto
730259; Aš pøedmìstí
330357; Babice nad Svitavou
350322; Babice u Šternberka
747956; Babylon
563262; Bahno
543611; Bakov nad Jizerou
543710; Bakov nad Jizerou mìsto
755025; Balkova Lhota
348227; Bartoòov
563205; Bartoušov
563601; Bartoušov zastávka
330241; Baška
758201; Batelov
737924; Bavorov
559518; Bechov
754820; Bechynì
754721; Bechynì zastávka
754424; Bechyòská Smoleè
745059; Beèov nad Teplou
545590; Beèov u Mostu
564567; Beèváry
330456; Bedihoš
757328; Bednárec
757427; Bednáreèek
755751; Bìlá nad Radbuzou
755850; Bìlá nad Radbuzou zastávka
568980; Bìlá pod Bezdìzem
569087; Bìlá pod Bezdìzem mìsto
569186; Bìlá pod Bezdìzem zastávka
566307; Bìlá u Staré Paky
566604; Bìlá u Staré Paky zastávka
731620; Bìlèice
767541; Bìleè
345546; Bìlotín
553198; Bìlušice
745729; Benešov nad Lipou
562090; Benešov nad Plouènicí
551069; Benešov u Prahy
338723; Bernartice u Javorníka
573006; Bernartice u Trutnova
730747; Beroun
730846; Králùv Dvùr
730945; Králùv Dvùr-Popovice
760843; Beroun-Závodí
564013; Bìrunice
736959; Bìšiny
731828; Bezdìdovice
737551; Bezdìkov u Klatov
741454; Bezdìkov u Radnic
568899; Bezdìz
755157; Bezdruice
344853; Bezmìrov
538538; Bezpráví
754622; Beerovice
567305; Bílá Tøemešná
535401; Bílá Voda
549337; Bílek
548198; Bílina
548297; Bílina kyselka
547992; Bílina-Chudeøice
330647; Bílovec
330852; Bílovice nad Svitavou
575621; Bílı Kostel nad Nisou
548529; Bílı Potok pod Smrkem
342071; Biskupice u Jevíèka
347658; Biskupice u Luhaèovic
348052; Bítovèice
754358; Blahousty
738021; Blanice
330951; Blansko
331157; Blansko mìsto
330126; Blatec
747220; Blatná
371252; Blatnice pod svatım Antonínkem
746156; Blatnice u Nıøan
751867; Blatno u Jesenice
743823; Blaejov
331256; Blaovice
531707; Blešno
747659; Blíejov
570895; Blíevedly
338152; Blíkovice
739557; Blovice
330423; Bludov
330621; Bludov láznì
343327; Bludovice
336347;Bocanovice (Boconowice)
757757; Bochov
758250; Boè
537605; Bohdašín
330720; Bohdíkov
532796; Bohosudov
544296; Bohosudov zastávka
533109; Bohousová
751123; Bohumilice v Èechách
751024; Bohumilice v Èechách zastávka
341248; Bohumín
300244; Bohumín státní hranice
740423; Bohunice
330928; Bohuòovice
539106; Bohuslavice nad Metují
539403; Bohuslavice nad Metují zastávka
570804; Bohuslavice nad Úpou
331454; Bohuslavice nad Vláøí
331751; Bohuslavice u Kyjova
343145; Bohušov
559096; Bohušovice nad Ohøí
358457; Bohutice
330522; Bohutín
556167; Bojanovice
331850; Bojkovice
330050; Bojkovice mìsto
556068; Bojov
336040; Bolatice
540302; Bolehoš
560094; Boletice nad Labem
553966; Bolina
765750; Bor
767558; Bor zastávka
364059; Boraè
553503; Borek pod Troskami
756155; Borek u Tachova
733758; Borek u lutic
540500; Borohrádek
550731; Borová u Polièky
550038; Borová u Polièky zastávka
741629; Borovany
567008; Borovnice
567206; Borovnièka
753756; Borovy
760926; Boršov nad Vltavou
367755; Boøetice
332155; Boøí les
556233; Boøice
551994; Boøislav
332056; Boskovice
565465; Bošice
565663; Bošice zastávka
755322; Boejovice
332254; Boice u Znojma
740753; Boièany
571398; Boíkov
546465; Brandıs nad Labem
546663; Brandıs nad Labem zastávka
538439; Brandıs nad Orlicí
545467; Brandısek
755728; Branice
335844; Branka u Opavy
352757; Brankovice
332361; Branky na Moravì
331124; Branná
332551; Bransouze
331223; Brantice
768945; Bratkovice
571992; Brništì
332957; Brno hlavní nádraí
333856; Brno-Èernovice
333054; Brno-Horní Heršpice
333153; Brno-Královo Pole
333351; Brno-Lesná
333252; Brno-Øeèkovice
333658; Brno-Slatina
351726; Bròov
333955; Brno-idenice
749358; Brod nad Tichou
331421; Brodek u Pøerova
536102; Broumov
536508; Broumov-Olivìtín
547190; Brozánky
564690; Brtníky
334052; Brumov
334359; Brumov støed
342857; Brumovice
331629; Bruntál
748459; Bøasy
334250; Bøeclav
300558; Bøeclav státní hranice
339952; Bøest
754853; Bøetislav
542431; Bøevnice
348656; Bøezí
543413; Bøezina nad Jizerou
562199; Bøeziny u Dìèína
769349; Bøeznice
537191; Bøezno u Chomutova
559419; Bøezno u Mladé Boleslavi
549592; Bøezno u Postoloprt
334375; Bøezová nad Svitavou
537506; Bøezová u Broumova
334854; Bøeany
542076; Bøeany nad Ohøí
332320; Bøidlièná
352328; Bøidlièná lesy
332429; Bøidlièná zastávka
540872; Bøíza
545699; Bøvany
335059; Buèovice
544114; Buda
561860; Budèice
330845; Budišov nad Budišovkou
367250; Budišov u Tøebíèe
351155; Budkovice
757351; Budov
541979; Budynì nad Ohøí
752527; Bujanov
560318; Bukovno
555102; Butoves
563361; Bykáò
556035; Bylany
335356; Bylnice
352922; Bystrovany
551192; Bystøany v Èechách
331041;Bystøice (Bystrzyca)
335554; Bystøice nad Pernštejnem
335851; Bystøice pod Hostınem
551168; Bystøice u Benešova
338525; Bystøièka
545517; Byšice
336156; Bzenec
361758; Bzenec pøívoz
334755; Bzenec-Olšovec
754655; Cebiv
556209; Cerekvice nad Bystøicí
552539; Cerekvice nad Louènou
552638; Cerekvice nad Louènou zastávka
531665; Cerhenice
731448; Cerhovice
362954; Cetkovice
558403; Cidlina
745554; Cihelny
540344; Církvice
759050; Citice
536870; Cítoliby
369652; Citonice
543363; Cítov
542373; Ctinìves
550335; Èachnov
562314; Èachovice
540443; Èáslav
532002; Èastolovice
532200; Èastolovice zastávka
364158; Èebín
336354; Èejè
734327; Èejetice
752667; Èejkovice
333641; Èeladná
547760; Èelákovice
547760; Èelákovice-Jiøina
547562; Èelákovice zastávka
330555; Èelèice
332924; Èelechovice na Hané
754127; Èenkov u Malšic
569004; Èeperka
550467; Èerèany
540708; Èermná nad Orlicí
350140; Èermná ve Slezsku
759225; Èerná v Pošumaví
539205; Èernèice
562967; Èerníny
532663; Èernošice
532465; Èernošice-Mokropsy
337428; Èernotín
547521; Èernousy
534990; Èernovice u Chomutova
746024; Èernovice u Tábora
534404; Èernovír
568105; Èernoice
537969; Èernuc
760827; Èernı Dub
739326; Èernı Køí
747824; Èertova Stìna
756023; Èervená nad Vltavou
535203; Èervená Voda
563163; Èervené Janovice
565168; Èervené Peèky
753855; Èervené Poøíèí
333120; Èervenka
574509; Èervenı Kostelec
534800; Èervenı Potok
552463; Èervenı Újezd u Votic
346650; Èeská
562991; Èeská Kamenice
748053; Èeská Kubice
708057; Èeská Kubice státní hranice
568097; Èeská Lípa hlavní nádraí
568196; Èeská Lípa mìsto
568295; Èeská Lípa støelnice
561993; Èeská Lípa-Holı vrch
537803; Èeská Metuje
575001; Èeská Skalice
539130; Èeská Tøebová
345728; Èeská Ves
345926; Èeská Ves bazén
732826; Èeské Budìjovice
753624; Èeské Budìjovice jiní zastávka
734525; Èeské Budìjovice severní zastávka
539098; Èeské Hamry
736322; Èeské Velenice
706325; Èeské Velenice státní hranice
530667; Èeskı Brod
760025; Èeskı Krumlov
560466; Èeskı Šternberk
560565; Èeskı Šternberk zastávka
332346; Èeskı Tìšín
300145; Èeskı Tìšín státní hranice
532101; Èestice
332858; Èíchov
733527; Èíèenice
730424; Èimelice
563916; Èinìves
555961; Èisovice
762245; Èistá
554295; Èíkovice
561167; Èíov
730820; Èíová
750927; Èkynì
554162; Ètyøkoly
357855; Èunín
748822; Daèice
748723; Daèice mìsto
734459; Dalovice
759258; Dasnice
556969; Davle
757021; Dìbolín
556597; Dìèín hlavní nádraí
507194; Dìèín státní hranice
556894; Dìèín vıchod
557090; Dìèín zastávka
543199; Dìèín-Bynov
556191; Dìèín-Èertova Voda
526699; Dìèín-Loubí
543298; Dìèín-Oldøichov
556092; Dìèín-Prostøední leb
556290; Dìèín-Pøípeø
560193; Dìèín-Staré Mìsto
350157; Dìdice
537902; Dìdov
754051; Dehtín
332643; Dìhylov
537597; Denìtice
549725; Desná
769653; Dešenice
533679; Deštnice
557108; Dìtenice
332742; Dìtmarovice
333229; Dìtøichov nad Bystøicí
349043; Dívèí Hrad
733329; Dívèice
331553; Divnice
554097; Dlakovice
334474; Dlouhá
559617; Dlouhá Lhota
539239; Dlouhá Tøebová
556704; Dlouhé Dvory
745927; Dobešov
557397; Dobkovice
552299; Dobkovièky
739227; Dobrá na Šumavì
332841; Dobrá u Frıdku-Místku
730143; Dobrá Voda u Bøeznice
555904; Dobrá Voda u Hoøic
742221; Dobrá Voda u Pelhøimova
332940; Dobratice pod Prašivou
354357; Dobré Pole
545897; Dobromìøice
743328; Dobronice u Chınova
336552; Dobronín
338657; Dobrotice
561910; Dobrovice
540567; Dobrovíz
540104; Dobruška
540203; Dobruška-Pulice
753251; Dobøany
769356; Dobøany zastávka
530808; Dobøenice
532267; Dobøichovice
532978; Dobøíèany
553164; Dobøíèkov
738153; Dobøíkov na Šumavì
537134; Dobøíkov u Chocnì
542670; Dobøíò
556464; Dobøíš
530113; Dobšice nad Cidlinou
556506; Dohalice
568592; Doksy
565622; Dolánky
544460; Dolany
549295; Dolejší Hùrky
348854; Dolenice
542738; Dolík
333047; Dolní Benešov
543066; Dolní Beøkovice
748426; Dolní Bolíkov
559112; Dolní Bousov
541730; Dolní Bøezinka
758300; Dolní Cerekev
533604; Dolní Dobrouè
562892; Dolní Habartice
747451; Dolní Kamenice
564799; Dolní Køeèany
331058; Dolní Lhota
533901; Dolní Libchavy
534602; Dolní Lipka
364257; Dolní Louèky
767350; Dolní Luby
341347; Dolní Lutynì
535104; Dolní Orlice
730622; Dolní Ostrovec
566992; Dolní Podluí
549626; Dolní Polubnı
761429; Dolní Poøíèí
565291; Dolní Poustevna
744821; Dolní Radouò
332759; Dolní Smrèné
740951; Dolní Stupno
558296; Dolní Zálezly
749853; Dolní andov
340745; Dolní ivotice
556399; Dolní leb
556498; Dolní leb zastávka
330654; Doloplazy
756353; Doly
732628; Domanice
553461; Domašín
334227; Domašov nad Bystøicí
735159; Domalice
735258; Domalice mìsto
538298; Domina
760124; Domoradice
559211; Domousnice
550194; Domoušice
756726; Doòov
745752; Doubí u Karlovıch Varù
735928; Doubí u Tábora
543124; Doubí u Turnova
359950; Doubravice nad Svitavou
352252; Doubravník
532606; Doudleby nad Orlicí
334524; Drahanovice
564666; Drahobudice
334722; Drahotuše
0;Droukovice
545566; Døetovice
530246; Døísy
554592; Dubany
756056; Dubec
542092; Dubí
570697; Dubièná
336958; Dubòany
737759; Dubová Lhota
533398; Duchcov
758508; Dvorce
736520; Dvory nad Lunicí
538330; Dvoøisko
567404; Dvùr Králové nad Labem
338350; Dyje
563817; Dymokury
735225; Dynín
732354; Dıšina
337154; Dzbel
552935; Dbánov
732255; Ejpovice
547620; Filipovka
737429; Frahel
562397; Františkov nad Plouènicí
740050; Františkovy Láznì
0;Františkovy Láznì-Aquaforum
740159; írovice-Seníky
333344; Frenštát pod Radhoštìm
333443; Frıdek-Místek
333542; Frıdlant nad Ostravicí
333849; Frıdlant nad Ostravicí zastávka
333740; Frıdlant nad Ostravicí-Nová Dìdina
546523; Frıdlant v Èechách
546622; Frıdlant v Èechách pøedmìstí
506725; Frıdlant v Èechách státní hranice
334045; Fulnek
540831; Golèùv Jeníkov
540930; Golèùv Jeníkov mìsto
338053; Grešlové Mıto
334821; Grygov
541292; Háj u Duchcova
334243; Háj ve Slezsku
758656; Hájek
546028; Hajništì
334920; Halenkov
334128; Halenkov zastávka
370353; Hamry nad Sázavou
769851; Hamry-Hojsova Strá
335422; Hanušovice
347724; Hanušovice Holba
335828; Hanušovice zastávka
549220; Harrachov
564468; Hatì
334540; Havíøov
334748; Havíøov-Suchá
542134; Havlíèkùv Brod
542035; Havlíèkùv Brod-Perknov
735357; Havlovice
568311; Havranec
365957; Havøice
735951; Hazlov
548321; Hejnice
558437; Herálec
747527; Herbertov
535609; Heroltice
731224; Heømaò
734020; Heømaò obec
552166; Heømanièky
341743; Heømánky
746453; Heømanova Hu
557132; Heømanùv Mìstec
339358; Hevlín
334946; Hladké ivotice
348144; Hladké ivotice místní nádraí
759159; Hlavno
561613; Hleïsebe
548834; Hlinsko-Kouty
335950; Hlinsko pod Hostınem
548537; Hlinsko v Èechách
540245; Hlízov
335927; Hluboèky
336123; Hluboèky zastávka
336024; Hluboèky-Mariánské Údolí
733022; Hluboká nad Vltavou
734822; Hluboká nad Vltavou-Zámostí
741520; Hluboká u Borovan
534040; Hlubokı Dùl
335042; Hluèín
331025; Hlušovice
533703; Hnátnice
556407; Hnìvèeves
542878; Hnìvice
553297; Hnojnice
335141; Hnojník
749606; Hodice
562868; Hodkov
562264; Hodkov zastávka
542720; Hodkovice nad Mohelkou
573600; Hodkovice u Trutnova
759423; Hodòov
338251; Hodonice
338459; Hodonín
301358; Hodonín státní hranice
343426; Hodslavice
769950; Hojsova Strá-Brèálník
346742; Holasovice
740928; Holeèkov
533273; Holedeèek
338558; Holešov
537399; Holetice
548735; Holetín
555136; Holice
555235; Holice zastávka
753129; Holkov
765552; Holostøevy
731851; Holoubkov
338855; Holubice
760520; Holubov
747352; Holıšov
736058; Horaïovice
738658; Horaïovice pøedmìstí
336420; Horka nad Moravou
561563; Horka nad Sázavou
547133; Horka u Chrudimi
566901; Horka u Staré Paky
540542; Horky u Èáslavi
753723; Horky u Tábora
573709; Horní Adršpach
542274; Horní Beøkovice
742858; Horní Blatná
569509; Horní Branná
750851; Horní Bøíza
750752; Horní Bøíza zastávka
758029; Horní Cerekev
752220; Horní Dvoøištì
702225; Horní Dvoøištì státní hranice
541797; Horní Háj
338822; Horní Heømanice
751255; Horní Hradištì
563098; Horní Kamenice
562256; Horní Ledeè
336529; Horní Lideè
300921; Horní Lideè státní hranice
337022; Horní Lipová
346726; Horní Moštìnice
731026; Horní Nerestce
565002; Horní Nová Ves
759126; Horní Planá
758623; Horní Planá zastávka
543165; Horní Poèaply
567297; Horní Podluí
565390; Horní Poustevna
343244; Horní Povelice
545822; Horní Øasnice
570499; Horní Øepèice
744722; Horní Skrıchov
743351; Horní Slavkov
743450; Horní Slavkov zastávka
334847; Horní Suchá
571703; Horní Sytová
335349; Horní Tošanovice
757922; Horní Ves
757724; Horní Vilímeè
751727; Horní Vltavice
766253; Horšovskı Tın
735324; Horusice
545640; Hoøátev
550582; Hoøesedly
537498; Hoøetice
759720; Hoøice na Šumavì
555805; Hoøice v Podkrkonoší
568501; Hoøinìves
731349; Hoøovice
734723; Hosín
336222; Hostašovice
345553; Hostìrádky-Rešov
360859; Hostìtín
569707; Hostinné
569715; Hostinné mìsto
536565; Hostivice
536664; Hostivice-Litovice
548099; Hostomice nad Bílinou
768242; Hostomice pod Brdy
755454; Hostouò
540765; Hostouò u Prahy
744755; Hoštìc
539833; Hoštejn
750422; Hoštice u Volynì
341552; Hoštice-Heroltice
530790; Hoštka
354522; Hovìzí
547364; Hovorèovice
571901; Hrabaèov
339457; Hrabìtice
339929; Hrabišín
351825; Hrachovec
760736; Hradce
364356; Hradèany
338954; Hradèovice
531202; Hradec Králové hlavní nádraí
531509; Hradec Králové zastávka
531301; Hradec Králové-Kukleny
531400; Hradec Králové-Slezské Pøedmìstí
335745; Hradec nad Moravicí
334573; Hradec nad Svitavou
535591; Hradec u Kadanì
747253; Hradec u Stoda
345827; Hradec-Nová Ves
575225; Hrádek nad Nisou
505321; Hrádek nad Nisou státní hranice
763052; Hrádek u Rokycan
736454; Hrádek u Sušice
331140; Hrádek (Gródek)
746925; Hradištì u Blatné
551697; Hradištì v Èechách
337220; Hranice na Moravì
337329; Hranice na Moravì mìsto
730655; Hranice v Èechách
734624; Hrdìjovice
736629; Hrdloøezy
559195; Hrdly
558700; Hrdoòovice
541896; Hrob
559492; Hrobce
556134; Hrochùv Tınec
538207; Hronov
538306; Hronov zastávka
734855; Hroznìtín
734954; Hroznìtín zastávka
553404; Hrubá Skála
337527; Hrubá Voda
337626; Hrubá Voda zastávka
334326; Hrubá Voda-Smilov
339051; Hrušky
339150; Hrušky zastávka
552737; Hrušová
339259; Hrušovany nad Jevišovkou
339556; Hrušovany u Brna
764951; Høebeny
742023; Høíbìcí
549691; Høivice
731414; Hudèice
339853; Hulín
558130; Humpolec
744425; Hùrky
738229; Husinec
335026; Huslenky
335125; Huslenky zastávka
338129; Hustopeèe nad Beèvou
340158; Hustopeèe u Brna
340257; Huštìnovice
559260; Hvìzdonice
354555; Hvìzdoòovice
537308; Hynèice
760744; Hıskov
532697; Chabaøovice
561266; Chabeøice
541672; Charvatce
356956; Charvátská Nová Ves
750356; Cheb
700351; Cheb státní hranice
750364; Cheb-Skalka
759647; Chlum u Rakovníka
753350; Chlumèany u Dobøan
536771; Chlumèany u Loun
530501; Chlumec nad Cidlinou
543991; Chlumec u Chabaøovic
753228; Chlumec u Èeskıch Budìjovic
545962; Chlumín
564369; Chmelištì
538132; Choceò
559369; Chocerady
740555; Chodov
749556; Chodová Planá
738252; Chodská Lhota
341024; Cholina
557439; Choltice
534891; Chomutov
535096; Chomutov mìsto
557496; Choratice
340372; Chornice
549238; Chotìboø
536094; Chotìbudice
332445; Chotìbuz
533596; Chotìjovice
554691; Chotìšov pod Hazmburkem
747055; Chotìšov u Stoda
544817; Chotìtov
569905; Chotìvice
552190; Chotimìø
564963; Chotouchov
530402; Choovice
552760; Chotoviny
531467; Chotutice
734921; Chotıèany
575423; Chotynì
557967; Chrást nad Sázavou
546937; Chrast u Chrudimi
732453; Chrást u Plznì
732552; Chrást u Plznì obec
741058; Chrást u Plznì zastávka
575522; Chrastava
575720; Chrastava-Andìlská Hora
335521; Chrastice
550681; Chrášany
534263; Chrášany zastávka
340752; Chrlice
738625; Chroboly
341057; Chropynì
566265; Chroustov
546531; Chrudim
555532; Chrudim mìsto
546739; Chrudim zastávka
562058; Chøenovice
562157; Chøenovice-Podhradí
567495; Chøibská
335943; Chuchelná
341123; Chudobín
573303; Chvaleè
740126; Chvalešovice
535039; Chvaletice
745828; Chválkov
352955; Chvalkovice na Hané
544064; Chvatìruby
743229; Chınov
733352; Chyše
341255; Ivanèice
349951; Ivanèice letovisko
341354; Ivanèice mìsto
341453; Ivanovice na Hané
571208; Jablonec nad Jizerou
571307; Jablonec nad Jizerou-Hradsko
550921; Jablonec nad Nisou
551127; Jablonec nad Nisou dolní nádraí
551028; Jablonec nad Nisou zastávka
550822; Jablonecké Paseky
534008; Jablonné nad Orlicí
572099; Jablonné v Podještìdí
338426; Jablùnka
336248; Návsí (Nawsie)
350553; Jackov
335547; Jakartovice
341842; Jakubèovice nad Odrou
348425; Jamartice
534107; Jamné nad Orlicí
334656; Jankovice
550780; Janov u Rakovníka
354621; Janová
737650; Janovice nad Úhlavou
573402; Janovice u Trutnova
344952; Jarohnìvice
567701; Jaromìø
567800; Jaromìø zastávka
341651; Jaromìøice nad Rokytnou
757229; Jarošov nad Neárkou
555565; Jarov
371757; Javorník nad Velièkou zastávka
338624; Javorník ve Slezsku
567594; Jedlová
567693; Jedlová zastávka
341859; Jemnice
536367; Jeneè
540666; Jeneè zastávka
557033; Jeníkovice
747329; Jenín
556100; Jeøice
542522; Jeømanice
337253; Jesenec
761643; Jesenice
338921; Jeseník
348243; Jeseník nad Odrou
552802; Jesennı
352559; Jestøabice
568394; Jestøebí
552364; Ješetice
738856; Jetenovice
755926; Jetìtice
341974; Jevíèko
354258; Jevišovka
749903; Jezdovice
554204; Jièín
554303; Jièín zastávka
563304; Jièínìves
342154; Jihlava
342253; Jihlava mìsto
341958; Jihlava-Bosch Diesel
342055; Jihlava-Staré Hory
757807; Jihlávka
562918; Jíkev
571604; Jilemnice
334342; Jilešovice
543090; Jílové u Dìèína
557363; Jílové u Prahy
741421; Jílovice
549790; Jimlín
768846; Jince
339028; Jindøichov na Moravì
336446; Jindøichov ve Slezsku
301549; Jindøichov ve Slezsku státní hranice
545723; Jindøichovice pod Smrkem
743625; Jindøichùv Hradec
743724; Jindøiš
554006; Jinolice
540096; Jirkov
540195; Jirkov zastávka
550525; Jiøetín pod Bukovou
567396; Jiøetín pod Jedlovou
546267; Jiøice
564393; Jiøíkov
564492; Jiøíkov-Filipov
336545; Jistebník
553800; Jivany
334425; Jívová
550327; Josefùv Dùl
560664; Kácov
560961; Kácov zastávka
535369; Kaèice
537993; Kadaò
535492; Kadaò-Prunéøov
535690; Kadaò pøedmìstí
536797; Kadaòskı Rohozec
759928; Kájov
572404; Kalná Voda
543595; Kamenec
745521; Kamenice nad Lipou
558338; Kamenice u Humpolce
336859; Kamenná
532242; Kamenné Zboí
535260; Kamenné ehrovice
538561; Kamennı Most u Kralup nad Vltavou
557561; Kamennı Pøívoz
753327; Kamennı Újezd u Èeskıch Budìjovic
753426; Kamennı Újezd u Èeskıch Budìjovic zastávka
746057; Kamennı Újezd u Nıøan
762856; Kamennı Újezd u Rokycan
561118; Kanina
333021; Kaple
752725; Kaplice
744227; Kaproun
530709; Káranice
756825; Kardašova Øeèice
551721; Karlov pod Ještìdem
353722; Karlovice
354225; Karlovice zastávka
553305; Karlovice-Sedmihorky
758755; Karlovy Vary
745851; Karlovy Vary dolní nádraí
745653; Karlovy Vary-Bøezová
758854; Karlovy Vary-Dvory
531863; Karlštejn
353227; Karolinka
352724; Karolinka zastávka
336743; Karviná hlavní nádraí
336842; Karviná-Darkov
731653; Kaøízek
746834; Kasejovice
746339; Kasejovice zastávka
752469; Kaštice
761320; Katovice
560516; Katusice
751057; Kaznìjov
738351; Kdynì
745455; Kfely
732156; Klabava
535161; Kladno
535567; Kladno mìsto
535666; Kladno-Dubí
536169; Kladno-Ostrovec
535468; Kladno-Rozdìlov
536060; Kladno-Švermov
535765; Kladno-Vrapice
535195; Klášterec nad Ohøí
569608; Klášterská Lhota
737452; Klatovy
737353; Klatovy mìsto
735654; Klenèí pod Èerchovem
541474; Kleneè
557637; Klešice
555862; Klínec
342352; Klobouky u Brna
537266; Klobuky v Èechách
350249; Klokoèov
531061; Kluèov
537860; Kmetinìves
534164; Knìeves
752568; Knìice
544213; Knìmost
558502; Knìnice
363051; Knínice u Boskovic
343343; Koberno
337824; Kobylá nad Vidnavkou
342758; Kobylí na Moravì
363358; Kojatín
342956; Kojetice na Moravì
547166; Kojetice u Prahy
343061; Kojetín
534933; Kojice
545111; Kojovice
754952; Kokašice
539767; Koleè
533968; Kolešovice
534149; Kolín
534842; Kolín dílny
534446; Kolín místní nádraí
534248; Kolín zastávka
736652; Kolinec
534347; Kolín-Zálabí
559716; Kolomuty
330829; Komòátka
343558; Komoøany u Vyškova
550095; Konìtopy
337352; Konice
755058; Konstantinovy Láznì
563007; Kopidlno
337048; Kopøivnice
337147; Kopøivnice zastávka
763755; Kornatice
763854; Kornatice rybník
343657; Koryèany
565069; Koøenice
549121; Koøenov
549428; Koøenov zastávka
761544; Kosobody
551960; Kosova Hora
361550; Kostelany nad Moravou
343855; Kostelec na Hané
546366; Kostelec nad Labem
532408; Kostelec nad Orlicí
532507; Kostelec nad Orlicí mìsto
557835; Kostelec u Heømanova Mìstce
557934; Kostelec u Heømanova Mìstce-Písník
758409; Kostelec u Jihlavy
536532; Kostìnice
531343; Kostomlaty nad Labem
542472; Kostomlaty pod Øípem
545418; Košátky
566109; Košálov
554790; Koštice nad Ohøí
532499; Koštov
345058; Kotojedy
746636; Kotouò
758060; Kotvina
550384; Kounov
565366; Kouøim
738450; Kout na Šumavì
339523; Kouty nad Desnou
555300; Kovaè
540161; Kováry
538991; Kováøská
539197; Kováøská mìstys
738963; Kovèín
333146; Kozmice
748350; Kozolupy
762450; Kolany
331827; Koušany
344556; Krahulov
344655; Kralice nad Oslavou
353524; Kralièky
535005; Králíky
534909; Králíky zastávka
572800; Královec
502906; Královec státní hranice
762559; Kralovice u Rakovníka
538165; Královice u Zlonic
758953; Královské Poøíèí
543967; Kralupy nad Vltavou
539460; Kralupy nad Vltavou pøedmìstí
545269; Kralupy nad Vltavou-Minice
539635; Krasíkov
765354; Kraslice
765255; Kraslice pøedmìstí
705350; Kraslice státní hranice
765347; Kraslice-Pod vlekem
566596; Krásná Lípa
566695; Krásná Lípa mìsto
548826; Krásná Studánka
340448; Krásné Louèky
536193; Krásnı Dvùr
743153; Krásnı Jez
546325; Krásnı Les
546424; Krásnı Les baantnice
562561; Krasoòovice
530907; Kratonohy
570994; Kravaøe v Èechách
337543; Kravaøe ve Slezsku
337642; Kravaøe-Kouty
557660; Krhanice
351924; Krhová
339044; Krnov
339143; Krnov-Cvilín
544718; Krnsko
344754; Kromìøí
545319; Kropáèova Vrutice
550434; Krouna
551739; Krouna zastávka
761742; Krty
533760; Krupá
544197; Krupka
544395; Krupka mìsto
752162; Kryry
552026; Kryštofovo Údolí
746123; Køeè
357657; Køemenec
760629; Køeme
573105; Køenov
331355; Køenovice dolní nádraí
345454; Køenovice horní nádraí
765958; Køenovy
554899; Køesín
560391; Køešice u Dìèína
531095; Køešice u Litomìøic
538199; Køimov
538595; Køimov zastávka
538496; Køimov-Suchdol
562611; Køinec
760041; Køivoklát
345751; Køianov
361154; Køianovice
551820; Køiany
553602; Ktová
751628; Kubova Hu
567602; Kuks
569400; Kunèice nad Labem
339341; Kunèice pod Ondøejníkem
349274; Kunèina
342626; Kunov
345959; Kunovice
346056; Kunovice zastávka
346361; Kunovice-Louèka
744128; Kunak-Lomy
346551; Kuøim
540146; Kutná Hora hlavní nádraí
563460; Kutná Hora mìsto
563668; Kutná Hora pøedmìstí
563767; Kutná Hora-Sedlec
551234; Kvìtná
551630; Kvìtná zastávka
558304; Kyje u Jièína
534594; Kyjice
346759; Kyjov
346858; Kyjov zastávka
342147; Kylešovice
759357; Kynšperk nad Ohøí
564294; Kytlice
356154; Ladná
572701; Lampertice
553537; Lanškroun
533802; Lanšperk
346957; Lanhot
301457; Lanhot státní hranice
759746; Lašovice
360651; Laštovièky
561662; Lazištì
564807; Láznì Bìlohrad
749754; Láznì Kynvart
547869; Láznì Toušeò
551499; Lbín
750828; Lèovice
561951; Ledeè nad Sázavou
560060; Ledeèko
562819; Ledeèky
557009; Ledkov
347054; Lednice
347153; Lednice rybníky
545798; Lenešice
752022; Lenora
751529; Lenora zastávka
354720; Leskovec
742825; Leskovice
541136; Leština u Svìtlé
533307; Letohrad
347252; Letovice
347351; Letovice zastávka
566505; Levínská Olešnice
732966; Leky
743252; Lenice
740225; Lhota pod Horami
531004; Lhota pod Libèany
535237; Lhota pod Pøelouèí
334441; Lhota u Opavy
570606; Lhota u Trutnova
553362; Lhota Veselka
350652; Lhotice u Jemnice
352021; Lhotka nad Beèvou
561415; Lhotka u Mìlníka
561514; Lhotka u Mìlníka zastávka
556902; Libáò
553099; Libèeves
544361; Libèice nad Vltavou
544569; Libèice nad Vltavou-Letky
530584; Libìchov
570903; Libeè
753921; Libìjice
740720; Libìjovice
542126; Liberec
551523; Liberec-Horní Rùodol
542225; Liberec-Rochlice
570390; Libìšice
532549; Libice nad Cidlinou
339820; Libina
733261; Libkovice
531392; Libochovany
554493; Libochovice
554998; Libochovice mìsto
537290; Liboèany
768648; Libomyšl
559005; Libošovice
543496; Libouchec
566208; Libštát
553909; Libuò
553917; Libuò zastávka
534305; Lichkov
504407; Lichkov státní hranice
336727; Lideèko
336826; Lideèko ves
349779; Linhartice
340547; Linhartovy
560417; Líny
542332; Lípa
370551; Lípa nad Døevnicí
530204; Lípa nad Orlicí
751420; Lipka
763656; Lipnice
340422; Lipník nad Beèvou
748129; Lipno nad Vltavou
371351; Lipov
340521; Lipová Láznì
340620; Lipová Láznì jeskynì
340729; Lipová Láznì zastávka
750059; Lipová u Chebu
565994; Lipová u Šluknova
349142; Liptaò
339747; Lískovec u Frıdku
549196; Lišany u atce
755629; Líšnice
565721; Líšnı
767640; Liteò
533000; Litice nad Orlicí
544312; Lítkovice
558395; Litochovice nad Labem
573196; Litomìøice Cihelna
570192; Litomìøice horní nádraí
531194; Litomìøice mìsto
552133; Litomyšl
552034; Litomyšl zastávka
552232; Litomyšl-Nedošín
340828; Litovel
341222; Litovel mìsto
340927; Litovel pøedmìstí
340844; Litultovice
540898; Litvínov
537092; Litvínov mìsto
747022; Lnáøe
546960; Lobkovice
568709; Lochenice
768549; Lochovice
548461; Lodìnice
745257; Loket
743658; Loket pøedmìstí
541094; Lom u Mostu
541599; Lom u Mostu zastávka
765453; Lom u Støíbra
757054; Lom u Tachova
737320; Lomnice nad Lunicí
557801; Lomnice nad Popelkou
333328; Lomnice u Rımaøova
754556; Lomnièka
540674; Loucká
738054; Louèim
743757; Louèky
339622; Louèná nad Desnou
339424; Louèná nad Desnou-Filipová
339721; Louèná nad Desnou-Rejhotice
747923; Louèovice
748020; Louèovice zastávka
541490; Louka u Litvínova
744953; Louka u Mariánskıch Lázní
371559; Louka u Ostrohu
336057; Loukov
543215; Loukov u Mnichova Hradištì
339846; Louky nad Olší
545996; Louny
546093; Louny mìsto
546192; Louny pøedmìstí
546390; Louny støed
564104; Lovèice
564203; Lovèice obec
744920; Lovìtín
745026; Lovìtín obec
558593; Lovosice
558791; Lovosice mìsto
558890; Lovosice zastávka
569996; Lovosice závod
550764; Lštìní
733063; Lubenec
733162; Lubenec zastávka
761841; Lubná
767459; Luby u Chebu
737254; Luby u Klatov
550723; Luèany nad Nisou
764852; Luh nad Svatavou
548222; Luh pod Smrkem
347559; Luhaèovice
734053; Luhov
347856; Luka nad Jihlavou
557462; Luka pod Medníkem
559294; Lukavec
341628; Lukavice na Moravì
533406; Lukavice v Èechách
564401; Luková
540039; Luková u Rudoltic v Èechách
348151; Luleè
539932; Lupìné
562215; Luštìnice
343954; Lutotín
753657; Luany
543462; Luec nad Vltavou
548420; Luec pod Smrkem
348250; Luice
534560; Luná u Rakovníka
351528; Luná u Vsetína
737221; Lunice
552323; Lvová
531145; Lysá nad Labem
531244; Lysá nad Labem-Dvorce
575928; Machnín
575829; Machnín hrad
731927; Maèkov
736926; Majdalena
739623; Majdalena zastávka
569285; Malá Bìlá
556662; Malá Hraštice
331728; Malá Morávka
565523; Malá Skála
562298; Malá Veleò
561191; Malé Bøezno nad Labem
543793; Malé Chvojno
337741; Malé Hoštice
574103; Malé Svatoòovice
558999; Malé ernoseky
558908; Malechovice
750729; Malenice nad Volyòkou
563064; Malešov
535294; Málkov
732867; Malmìøice
736751; Malonice
740829; Malovice u Netolic
560367; Malovidy
754028; Malšice
347955; Malı Beranov
748921; Malı Pìèín
756650; Malı Rapotín
743922; Malı Ratmírov
530287; Malı Újezd
348441; Mankovice
335158; Marefy
744052; Mariánské Láznì
744151; Mariánské Láznì mìsto
562793; Markvartice
543397; Martinìves u Dìèína
366955; Martinice u Velkého Meziøíèí
569301; Martinice v Krkonoších
766352; Mašovice
555763; Mìchenice
533372; Mìcholupy
766451; Meclov
539296; Mìdìnec
539395; Mìdìnec zastávka
546630; Medlešice
561712; Mìlnická Vrutice
530188; Mìlník
530485; Mìlník-Mlazice
735050; Merklín
343269; Mìrovice nad Hanou
563619; Mìstec Králové
348375; Mìsteèko Trnávka
553263; Mìsteèko u Benešova
759944; Mìsteèko u Køivoklátu
340349; Mìsto Albrechtice
547265; Mìšice u Prahy
763557; Mešno
340471; Mezihoøí
537100; Mezimìstí
507202; Mezimìstí státní hranice
759829; Mezipotoèí
755124; Meziøíèí
552562; Mezno
565499; Mikulášovice dolní nádraí
565598; Mikulášovice horní nádraí
565697; Mikulášovice støed
348557; Mikulov na Moravì
542191; Mikulov v Krušnıch horách
342329; Mikulovice
300426; Mikulovice státní hranice
542399; Mikulov-Nové Mìsto
747758; Milavèe
739151; Mileè
733626; Milenovice
755520; Milevsko
744359; Milhostov u Mariánskıch Lázní
748954; Milíkov
769141; Milín
533562; Milostín
338228; Milotice nad Beèvou
342527; Milotice nad Opavou
544148; Milovice
571695; Mimoò
551663; Minartice
547729; Minkovice
348755; Miroslav
763151; Mirošov
763250; Mirošov mìsto
550368; Mirošovice u Prahy
564161; Mirošovice u Rataj nad Sázavou
740654; Mírová
730226; Mirovice
542639; Mírovka
564260; Mitrov
544510; Mladá Boleslav hlavní nádraí
559914; Mladá Boleslav mìsto
544411; Mladá Boleslav-Debø
572305; Mladé Buky
340646; Mladecko
341321; Mladeè
341420; Mladeè jeskynì
349076; Mladìjov na Moravì
558601; Mladìjov v Èechách
349522; Mladìjovice
534503; Mladkov
751453; Mladotice
751354; Mladotice zastávka
543561; Mlèechvosty
562900; Mlınec
535500; Mlınickı Dvùr
564195; Mlıny
541078; Mnetìš
756924; Mnich
550160; Mnichovice
543512; Mnichovo Hradištì
556365; Mníšek pod Brdy
548628; Mníšek u Liberce
547968; Mochov
547463; Mochov zastávka
734426; Modlešovice
543694; Modrá u Dìèína
349456; Modøice
342824; Mohelnice
558098; Mojíø
348649; Mokré Lazce
736553; Mokrosuky
556761; Mokrovraty
542290; Moldava v Krušnıch horách
536730; Moravany
342923; Moravièany
334672; Moravská Chrastová
349555; Moravská Nová Ves
349670; Moravská Tøebová
349852; Moravské Bránice
350058; Moravské Budìjovice
343020; Moravskı Beroun
535302; Moravskı Karlov
351056; Moravskı Krumlov
351254; Moravskı Písek
351353; Moravskı Písek zastávka
336321; Moøkov
336628; Moøkov hlavní tra
533992; Most
567107; Mostek
536995; Most-Kopisty
540997; Most-Minerva
341040; Mosty u Jablunkova
300848; Mosty u Jablunkova státní hranice
341149; Mosty u Jablunkova zastávka
550665; Mraè
744557; Mrázov
541631; Mrzkovice
548065; Mstìtice
541573; Mšené Láznì
560912; Mšeno
550285; Mutìjovice
533869; Mutìjovice zastávka
351452; Mutìnice
351551; Mutìnice zastávka
755355; Mutìnín
748327; Mutišov
341529; Myslechovice
749408; Mysliboø
552968; Myslíè
730325; Myslín
731752; Mıto
538405; Náchod
538702; Náchod zastávka
538603; Náchod-Bìloves
538504; Náchod-Malé Poøíèí
343129; Námìš na Hané
351759; Námìš nad Oslavou
351858; Napajedla
754929; Nasavrky
348953; Našimìøice
552729; Návarov
334151; Návojná
759456; Nebanice
561316; Nebuely
340570; Nectava
352054; Nedakonice
352153; Nedvìdice
566000; Nedvìzí
742056; Nejdek
742155; Nejdek zastávka
745125; Nekrasín
739052; Nekvasovy
543660; Nelahozeves
543868; Nelahozeves zámek
352351; Nìmèice nad Hanou
330225; Nemilany
736850; Nemilkov
352450; Nemotice
563403; Nemyèeves
735126; Neplachov
739250; Nepomuk
562017; Nepøevázka
546861; Neratovice
546879; Neratovice mìsto
352658; Nesovice
767848; Nesvaèily
557793; Neštìdice
557991; Neštìmice
741025; Netolice
746420; Netolice zastávka
546168; Netøeba
539361; Neumìøice
768440; Neumìtely
335257; Nevojice
352856; Nezamyslice
353656; Nezdenice
737056; Neznašovy
764050; Nezvìstice
368555; Níhov
750620; Nišovice
760645; Nibor
357673; Níkov
540062; Noutonice
742122; Nová Buková
744623; Nová Bystøice
742726; Nová Cerekev
350124; Nová Hradeèná
762955; Nová Hu
566703; Nová Paka
566802; Nová Paka mìsto
758920; Nová Pec
740852; Nová Role
741850; Nová Role zastávka
745224; Nová Vèelnice
736421; Nová Ves nad Lunicí
550624; Nová Ves nad Nisou
558106; Nová Ves nad Popelkou
556563; Nová Ves pod Pleší
741827; Nová Ves u Èeskıch Budìjovic
531764; Nová Ves u Kolína
538694; Nová Ves u Køimova
541037; Nová Ves u Leštiny
742353; Nové Hamry
342725; Nové Heøminovy
741926; Nové Hodìjovice
741223; Nové Hrady
559393; Nové Kopisty
339127; Nové Losiny
353854; Nové Mìsto na Moravì
353953; Nové Mìsto na Moravì zastávka
530600; Nové Mìsto nad Cidlinou
538900; Nové Mìsto nad Metují
545624; Nové Mìsto pod Smrkem
543769; Nové Ouholice
743955; Nové Sedlo u Lokte
534867; Nové Strašecí
739524; Nové Údolí
551929; Novina
544494; Novosedlice
354159; Novosedly
567891; Novı Bor
564302; Novı Bydov
766857; Novı Drahov
335224; Novı Hrozenkov
335323; Novı Hrozenkov zastávka
343228; Novı Jièín horní nádraí
341446; Novı Jièín mìsto
341545; Novı Jièín zastávka
767251; Novı Kostel
735852; Novı Kramolín
343525; Novı Malín
548560; Nuèice
548669; Nuèice zastávka
532143; Nymburk hlavní nádraí
545541; Nymburk mìsto
769554; Nırsko
745950; Nıøany
750950; Obora u Kaznìjova
746321; Obrataò
7021; Obrataò
746529; Obrataò zastávka
545095; Obrnice
559310; Obrubce
540401; Oèelice
348722; Odrlice
341644; Odry
547596; Ohníè
564708; Ohnišany
766550; Ohnišovice
568790; Okna
541938; Okrouhlice
354456; Okøíšky
354654; Olbramkostel
551366; Olbramovice
533190; Oldøichov u Duchcova
742650; Oldøichov u Nejdku
548727; Oldøichov v Hájích
550830; Oldøiš
559591; Oleško
354050; Olešná na Moravì
534362; Olešná u Rakovníka
574707; Olešnice
343624; Olomouc hlavní nádraí
343723; Olomouc mìsto
343822; Olomouc-Hejèín
344028; Olomouc-Nová Ulice
330324; Olomouc-Nové Sady
343921; Olomouc-Øepèín
344127; Olomouc-Smetanovy sady
765057; Oloví
539262; Olovnice
545764; Olovnice zastávka
363853; Omice
752626; Omlenice
342428; Ondøejovice
355321; Ondøejovice zastávka
552398; Oparno
543132; Opatov
568808; Opatovice nad Labem
341941; Opava vıchod
342345; Opava západ
340141; Opava zastávka
342048; Opava-Komárov
365064; Oplocany
539304; Opoèno pod Orlickımi horami
549899; Opoèno u Loun
761445; Oráèov
342741; Orlová doly
345850; Oøechov
541193; Osek
541698; Osek mìsto
346429; Osek nad Beèvou
557207; Osenice
354753; Osíèko
563015; Oskoøínek
354852; Oslavany
367052; Oslavice
367151; Oslavièka
764241; Oslí
342949; Osoblaha
768143; Osov
368654; Osová Bítıška
551622; Ostašov
531541; Ostrá
343640; Ostrava hlavní nádraí
343947; Ostrava støed
344242; Ostrava-Bartovice
344044; Ostrava-Hrušov
344143; Ostrava-Kunèice
343749; Ostrava-Kunèièky
343848; Ostrava-Mariánské Hory
344341; Ostrava-Svinov
344440; Ostrava-Tøebovice
350447; Ostrava-Vítkovice
344648; Ostravice
344945; Ostravice zastávka
555409; Ostromìø
758557; Ostrov nad Ohøí
355057; Ostrov nad Oslavou
769448; Ostrov u Tochovic
355552; Ostroská Nová Ves
355651; Ostroská Nová Ves láznì
344721; Ostruná
747550; Osvraèín
749150; Ošelín
342246; Otice
536409; Otovice
536300; Otovice zastávka
530543; Otradovice
734350; Otroèín
355750; Otrokovice
356352; Otrokovice-Trávníky
545160; Otvovice
530345; Ovèáry
758821; Ovesná
744458; Ovesné Kladruby
738724; Ovesné u Prachatic
742924; Pacov
738955; Paèejov
755223; Padaøov
537464; Páleèek
342444; Palhanec
564898; Panskı
536136; Pardubice hlavní nádraí
546333; Pardubice závodištì
536631; Pardubice-Èerná za Bory
536235; Pardubice-Opoèínek
536433; Pardubice-Pardubièky
546135; Pardubice-Rosice nad Labem
576009; Pardubice-Semtín
536334; Pardubice-Svítkov
345140; Paskov
751750; Pastuchovice
555094; Pátek
536466; Pavlov
749259; Pavlovice
558064; Pecerady
748525; Peè
541508; Pìèín
531160; Peèky
541904; Peklo nad Zdobnicí
758722; Pìkná
742528; Pelhøimov
759027; Pernek na Šumavì
742759; Pernink
756551; Pernolec
758169; Perštejn
571794; Pertoltice pod Ralskem
537076; Peruc
536292; Pìtipsy
542233; Petrkov
752063; Petrohrad
345223; Petrov nad Desnou
349225; Petrov nad Desnou zastávka
557264; Petrov u Prahy
371054; Petrov u Stránice
557165; Petrov-Chlomek
531905; Petrovice nad Orlicí
769455; Petrovice nad Úhlavou
345249; Petrovice u Karviné
300343; Petrovice u Karviné státní hranice
741322; Petøíkov
570705; Petøíkovice
735456; Pila
542621; Pilínkov
570002; Pilníkov
345629; Píseèná
756528; Písek
756429; Písek mìsto
730929; Písek zastávka
0;Písek-Dobešice
331959; Pitín zastávka
330753; Pivín
558239; Plaèkov
736025; Planá nad Lunicí
749457; Planá u Mariánskıch Lázní
565861; Plaòany
566067; Plaòany zastávka
751156; Plasy
555433; Platìnice
552521; Plavy
540906; Plchùvky
740357; Plesná
760355; Plešnice
760322; Plešovice
570291; Ploskovice
556803; Plotištì nad Labem
558205; Plounice
559062; Pluiny
732750; Plzeò hlavní nádraí
752956; Plzeò zastávka
750455; Plzeò-Bílá Hora
750463; Plzeò-Bolevec
732651; Plzeò-Doubravka
753053; Plzeò-Doudlevce
746552; Plzeò-Jiní pøedmìstí
739953; Plzeò-Koterov
748152; Plzeò-Køimice
746651; Plzeò-Skvròany
753152; Plzeò-Valcha
754259; Pòovany
748558; Pòovany zastávka
755256; Pobìovice
353821; Pocheò
737957; Pocinovice
757625; Poèátky-irovnice
548594; Poèerady
752360; Podboøany
532341; Podìbrady
730457; Podhradí
572107; Podhùøí
356055; Podivín
535807; Podlesí
538363; Podlešín
553792; Podsedice
356378; Pohled
541433; Pohleï
542530; Pohledští Dvoøáci
356550; Pohoøelice
539502; Pohoøí
548438; Pokøikov
535799; Poláky
344549; Polanka nad Odrou
759522; Poleènice
530899; Polepy
546564; Polerady nad Labem
538009; Police nad Metují
332460; Police u Valašského Meziøíèí
562496; Police-andov
347757; Polichno
563569; Polièany
550632; Polièka
356758; Polná
759621; Polná na Šumavì
345447; Polom
551135; Pomezí
551036; Pomezí zastávka
0;Pomezí nad Ohøí
363556; Ponìtovice
571505; Poniklá
571406; Poniklá zastávka
757526; Popelín
362558; Popice
331652; Popov
358259; Popovice u Rajhradu
346155; Popovice u Uherského Hradištì
530964; Poøíèany
550962; Poøíèí nad Sázavou
558163; Poøíèí nad Sázavou-Svárov
743120; Poøín
734251; Poseè
549097; Postoloprty
345157; Postoupky
735753; Postøekov
355123; Postøelmov
552869; Postupice
356857; Poštorná
365452; Poteè
532804; Potštejn
743054; Potùèky
700153; Potùèky státní hranice
742957; Potùèky zastávka
335620; Potùèník
751552; Potvorov
744854; Poutnov
362657; Pouzdøany
557694; Povrly
557892; Povrly-Roztoky
362350; Pozïatín
761221; Pracejovice
738328; Prachatice
738427; Prachatice láznì
557736; Prachovice
558197; Prackovice nad Labem
570762; Praha hlavní nádraí
572362; Praha Masarykovo nádraí
530162; Praha-Bìchovice
570168; Praha-Braník
570267; Praha-Bubeneè
570366; Praha-Bubny
571166; Praha-Cibulka
573360; Praha-Èakovice
570663; Praha-Dejvice
530360; Praha-Dolní Poèernice
570861; Praha-Hluboèepy
572560; Praha-Holešovice
522565; Praha-Holešovice Vltava
570465; Praha-Holešovice zastávka
549469; Praha-Holynì
573469; Praha-Horní Mìcholupy
548263; Praha-Horní Poèernice
570960; Praha-Hostivaø
571067; Praha-Jinonice
573568; Praha-Kbely
530568; Praha-Klánovice
549766; Praha-Kolovraty
555268; Praha-Komoøany
571562; Praha-Krè
573667; Praha-Kyje
571760; Praha-Libeò
571968; Praha-Malešice
573766; Praha-Modøany
573865; Praha-Modøany zastávka
532564; Praha-Radotín
572065; Praha-Ruzynì
549261; Praha-Øeporyje
547661; Praha-Satalice
545061; Praha-Sedlec
572263; Praha-Smíchov
571463; Praha-Stodùlky
572966; Praha-Strašnice
573063; Praha-Strašnice zastávka
549568; Praha-Uhøínìves
572669; Praha-Veleslavín
573964; Praha-Velká Chuchle
572768; Praha-Vršovice
573162; Praha-Vysoèany
555367; Praha-Zbraslav
540468; Praha-Zlièín
573261; Praha-ikov
530261; Praha-vahov
531103; Praskaèka
353250; Prasklice
731240; Praskolesy
334953; Pravice
737726; Praák
532994; Proboštov
551325; Proseè nad Nisou
569806; Proseèné
557769; Proseènice
346528; Prosenice
551291; Prosetice
548339; Prosetín
357053; Prostìjov hlavní nádraí
357251; Prostìjov místní nádraí
534701; Prostøední Lipka
733451; Protivec
733824; Protivín
733725; Protivín zastávka
364455; Prudká
364554; Prudká zastávka
333948; Prno
562462; Pøedboøice
550236; Pøedhradí
568600; Pøedmìøice nad Labem
750224; Pøední Zborovice
746354; Pøehıšov
535138; Pøelouè
346627; Pøerov
753558; Pøeštice
753459; Pøeštice-Zastávka
530303; Pøevıšov
368852; Pøibice
345744; Pøíbor
769042; Pøíbram
357376; Pøibyslav
357475; Pøibyslav zastávka
761940; Pøíèina
347021; Pøíkazy
763458; Pøíkosice
763359; Pøíkosice zastávka
534065; Pøílepy
332650; Pøímìlkov
543322; Pøíšovice
752428; Pšenice
563106; Pševes
761247; Pšovlky
357756; Ptení
564864; Puèery
550533; Pustá Kamenice
551531; Pustá Kamenice zastávka
759845; Pustovìty
756627; Putim
550566; Pyšely
557405; Rabakov
350751; Rácovice
760447; Raèice nad Berounkou
568402; Raèice nad Trotinou
541177; Raèinìves
551895; Radejèín
531368; Radim
749200; Radkov
348573; Radkov u Moravské Tøebové
542423; Rádlo
741553; Radnice
558536; Radòov
370452; Radòovice
732420; Radomyšl
732529; Radomyšl zastávka
555193; Radonice nad Ohøí
536698; Radonice u Kadanì
362053; Radostice
743526; Radostice u Trocnova
750125; Radošovice
768341; Radouš
573204; Radvanice
358051; Rájec-Jestøebí
358150; Rajhrad
346460; Rajnochovice
760942; Rakovník
762542; Rakovník západ
534669; Rakovník zastávka
358358; Rakšice
356253; Rakvice
344820; Ramzová
758607; Rantíøov
358556; Rapotice
345322; Rapotín
345124; Rapotín zastávka
548123; Raspenava
332528; Raškov
563965; Rataje nad Sázavou
564062; Rataje nad Sázavou pøedmìstí
560169; Rataje nad Sázavou zastávka
560268; Rataje nad Sázavou-Ivaò
564765; Ratboø
734129; Raice
768747; Rejkovice
746255; Rochlov
745422; Rodinov
757120; Rodvínov
738526; Rohanov
358754; Rohatec
358952; Rohatec kolonie
358853; Rohatec zastávka
560219; Rohatsko
732222; Rojice
732057; Rokycany
762757; Rokycany pøedmìstí
557306; Rokytòany
571109; Rokytnice nad Jizerou
331520; Rokytnice u Pøerova
541409; Rokytnice v Orlickıch horách
554436; Ronov nad Doubravou
554337; Ronov nad Doubravou zastávka
357574; Ronov nad Sázavou
345843; Ropice
345942; Ropice zálesí
332544; Ropice zastávka
369256; Rosice u Brna
530865; Rostoklaty
765156; Rotava
735829; Roudná
542571; Roudnice nad Labem
541375; Roudnice nad Labem mìsto
542779; Roudnice nad Labem-Bezdìkov
541276; Roudnice nad Labem-Hracholusky
359059; Rousínov
555334; Roveò
553107; Rovensko pod Troskami
335653; Rovné-Divišov
557538; Rozhovice
347450; Rozhraní
549436; Rozsochatec
335752; Rozsochy
348474; Rozstání
569103; Roztoky u Jilemnice
760140; Roztoky u Køivoklátu
544668; Roztoky u Prahy
544965; Roztoky-alov
562710; Roïalovice
747428; Romberk nad Vltavou
764449; Romitál pod Tøemšínem
359257; Roná
347823; Ronov pod Radhoštìm
547398; Rtynì nad Bílinou
574400; Rtynì v Podkrkonoší
574608; Rtynì v Podkrkonoší zastávka
348128; Ruda nad Moravou
367359; Rudíkov
331926; Rudná pod Pradìdem
332221; Rudná pod Pradìdem zastávka
549162; Rudná u Prahy
539437; Rudoltice v Èechách
564591; Rumburk
504993; Rumburk státní hranice
565093; Rumburk zastávka
537407; Ruprechtice
538892; Rusová
541805; Rybná nad Zdobnicí
752329; Rybník
567198; Rybništì
541102; Rychnov nad Knìnou
541201; Rychnov nad Knìnou zastávka
542324; Rychnov u Jablonce nad Nisou
567909; Rychnovek
556266; Rymanì
348326; Rımaøov
742429; Rynárec
535062; Rynholec
552224; Rynoltice
546226; Øasnice
546127; Øasnice zastávka
534834; Øeèany nad Labem
547091; Øehlovice
732727; Øepice
559815; Øepov
574905; Øešetova Lhota
533091; Øetenice
532168; Øevnice
534768; Øevnièov
544767; Øe
549865; Øíèany
552430; Øídkı
359455; Øikonín
359562; Øíkovice
735621; Øípec
0; Øípec-Dráchov
559013; Øítonice
550939; Sádek u Polièky
533174; Sádek u atce
734558; Sadov
556308; Sadová
734657; Sadov-Podlesí
545145; Sadská
749952; Salajna
750000; Salavice
559161; Samechov
559864; Samopše
530212; Sány
359653; Sázava u ïáru
559765; Sázava zastávka
559666; Sázava-Èerné Budy
541235; Sázavka
531491; Sebuzín
551762; Sedlèany
366658; Sedlec u Mikulova
553495; Sedlec u Obrnic
741157; Sedlecko
749507; Sedlejov
542928; Sedlejovice
732024; Sedlice
732123; Sedlice mìsto
537035; Sedlíška
346049; Sedlnice
543231; Semanín
553891; Semeè
565903; Semily
553701; Semínova Lhota
565804; Semonice
766154; Semošice
766055; Semošice-Peøina
568303; Sendraice
348623; Senice na Hané
348821; Senice na Hané zastávka
550269; Senohraby
761049; Senomaty
744326; Senotín
755421; Sepekov
736124; Sezimovo Ústí
359752; Silùvky
553594; Sinutec
359851; Skalice nad Svitavou
567990; Skalice u Èeské Lípy
767053; Skalná
560110; Skalsko
733923; Skály
360552; Sklené nad Oslavou
555664; Skochovice
346148; Skotnice
554840; Skovice
561019; Skramouš
347120; Skrbeò
353920; Skrbovice
346643; Skrochovice
738823; Skøínìøov
564500; Skøivany
767749; Skuhrov pod Brdy
764340; Skuhrov pod Tøemšínem
550137; Skuteè
765651; Skviøín
538066; Slanı
538264; Slanı pøedmìstí
753822; Slapy
541706; Slatina nad Zdobnicí
555292; Slatina pod Hazmburkem
553131; Slatina u Vysokého Mıta
546838; Slatiòany
334623; Slatinice
555391; Slavìtín nad Ohøí
731513; Slavìtín u Bøeznice
749101; Slaviboø
360750; Slavièín
361055; Slavkov u Brna
340240; Slavkov u Opavy
558635; Slavníè
748228; Slavonice
541300; Slemeno
343541; Slezské Rudoltice
730523; Smetanova Lhota
564609; Smidary
733956; Smilov
568006; Smiøice
568204; Smiøice zastávka
562553; Smrèná
550228; Smrovka
549923; Smrovka dolní nádraí
550129; Smrovka støed
743427; Smyslov
555607; Sobèice
735720; Sobìslav
560763; Sobìšín
549139; Sobíòov
348920; Sobotín
558809; Sobotka
361253; Sokolnice-Telnice
764555; Sokolov
541003; Solnice
0;Solnice zastávka
549998; Solopysky
532903; Sopotnice
752121; Soumarskı Most
739029; Spálenec
552901; Spálov
738559; Spáòov
351957; Spytihnìv
545921; Srbská
531962; Srbsko
739359; Srby
568493; Srní u Èeské Lípy
538231; Sruby
334144; Stachovice
547299; Stadice
765859; Staòkov
530444; Stará Boleslav
556860; Stará Hu
566406; Stará Paka
741652; Stará Role
546432; Staré Jesenèany
565192; Staré Køeèany
349027; Staré Mìsto pod Snìníkem
361451; Staré Mìsto u Uherského Hradištì
563502; Staré Místo u Jièína
756452; Staré Sedlištì
568691; Staré Splavy
769059; Starec
574806; Starkoè
534644; Starı Kolín
739854; Starı Plzenec
562595; Starı Šachov
361659; Staøeè
731141; Stašov
568907; Stéblová
750158; Stebnice
751966; Stebno
755827; Stehlovice
534966; Stochov
747154; Stod
739425; Stoec
762344; Strachovice
754754; Strahov
761023; Strakonice
562512; Straky
550061; Stranèice
540575; Straškov
531442; Stratov
548925; Strá nad Nisou
758359; Strá nad Ohøí
756254; Strá u Tachova
357954; Straisko
370957; Stránice
553065; Struhaøov
738120; Strunkovice nad Blanicí
750323; Strunkovice nad Volyòkou
548933; Struinec
562694; Strunice
741751; Støapole
561068; Støechov nad Sázavou
540260; Støedokluky
361857; Støelice
361865; Støelice dolní
336925; Støelná
541995; Støelná v Krušnıch horách
761528; Støelské Hoštice
349126; Støeò
552265; Støezimíø
559567; Støíbrná Skalice
356477; Støíbrné Hory
747857; Støíbro
347922; Støíte nad Beèvou
335240; Støíte u Èeského Tìšína
336750; Støíte u Jihlavy
744029; Støíovice
730556; Studánka
362251; Studenec
346940; Studénka
330548; Studénka mìsto
741355; Stupno
571190; Stvolínky
562454; Stvoøidla
741959; Suchá
736827; Suchdol nad Lunicí
736728; Suchdol nad Lunicí zastávka
348045; Suchdol nad Odrou
574202; Suchovršice
746222; Sudkùv Dùl
560615; Sudomìø u Mladé Boleslavi
734228; Sudomìø u Písku
370858; Sudomìøice nad Moravou
754523; Sudomìøice u Bechynì
552661; Sudomìøice u Tábora
554394; Sulejovice
748657; Sulislav
736355; Sušice
561498; Svádov
764654; Svatava
764753; Svatava zastávka
337055; Svatoboøice
330944; Svatoòovice
335455; Svatı Štìpán
547893; Svìtec
549964; Svìtice
332023; Svìtlá Hora
541334; Svìtlá nad Sázavou
541839; Svìtlá nad Sázavou mìsto
541532; Svìtlá nad Sázavou-Josefodol
363150; Svìtlá u Boskovic
563718; Svídnice
737825; Svinìtice
360057; Svitávka
543330; Svitavy
543538; Svitavy zastávka
543439; Svitavy-Laènov
334771; Svitavy-Lány
572206; Svoboda nad Úpou
335646; Svobodné Heømanice
550483; Svojetín
731950; Svojkovice
749051; Svojšín
567792; Svor
755553; Svrno
542829; Sychrov
532309; Synkov
558007; Syøenov
362459; Šakvice
761148; Šanov
564906; Šárovcova Lhota
362756; Šatov
300657; Šatov státní hranice
362855; Šebetov
341750; Šebkovice
345355; Šelešovice
334649; Šenov
735027; Ševìtín
743021; Šimpach
354027; Široká Niva
363457; Šlapanice
363275; Šlapanov
566190; Šluknov
566299; Šluknov údolí
566398; Šluknov zastávka
770057; Špièák
338327; Špièky
340943; Štáblovice
763953; Šáhlavice
739755; Šáhlavy
349621; Štarnov
733857; Štìdrá
336149; Štìpánkovice
349324; Štìpánov
364653; Štìpánovice
349423; Šternberk
530691; Štìtí
551861; Štìtkovice
562363; Štipoklasy
730358; Štítary
348540; Štítina
535708; Štíty
348748; Štramberk
340679; Šubíøov
366252; Šumice
363655; Šumná
349720; Šumperk
349738; Šumperk zastávka
3020; Šumperk-Connex Morava
758102; Švábov
761346; Švihov u Jesenice
753954; Švihov u Klatov
736223; Tábor
756858; Tachov
756759; Tachov zastávka
756957; Tachov-Bíletín
569202; Tample
549527; Tanvald
549824; Tanvald zastávka
549022; Tanvaldskı Špièák
531269; Tatce
539734; Tatenice
747121; Tchoøovice
561597; Tìchlovice
534206; Tìchonín
537175; Telce
749309; Telè
749002; Telè-Staré Mìsto
543892; Telnice
740324; Temelín
744656; Teplá
544593; Teplice lesní brána
349928; Teplice nad Beèvou
537704; Teplice nad Metují
573808; Teplice nad Metují skály
573907; Teplice nad Metují zastávka
532895; Teplice v Èechách
551093; Teplice zámecká zahrada
745356; Teplièka u Karlovıch Varù
757658; Tìšetice
353359; Tìšice
363754; Tetèice
742452; Tisová u Nejdku
547067; Tišice
363952; Tišnov
746859; Tluèná
364752; Tlumaèov
537761; Tmáò
769240; Tochovice
754150; Toèník
551267; Tomice
355826; Tomíkovice
555938; Topol
549394; Touchovice u Loun
565564; Toušice
734152; Touim
364968; Tovaèov
735555; Trhanov
553867; Trhovı Štìpánov
532390; Trmice
560714; Trnová
532879; Trnovany
572198; Trnovany u Litomìøic
741728; Trocnov
350025; Troubelice
350223; Troubelice zastávka
362152; Troubsko
349373; Trpík
754457; Trpísty
759555; Tršnice
5017; Trutnov hlavní nádraí
570200; Trutnov hlavní nádraí
570408; Trutnov støed
570507; Trutnov zastávka
570309; Trutnov-Poøíèí
572503; Trutnov-Staré mìsto
552331; Trek
746438; Tøebèice
350629; Tøebèín
531608; Tøebechovice pod Orebem
754226; Tøebelice
350850; Tøebelovice
766758; Tøebeò
553990; Tøebenice
554196; Tøebenice mìsto
545244; Tøebestovice
540047; Tøebešice
340059; Tøebìtice
365551; Tøebíè
365650; Tøebíè-Borovina
553693; Tøebívlice
737122; Tøeboò
737023; Tøeboò láznì
556001; Tøebovìtice
539338; Tøebovice v Èechách
534099; Tøebušice
348946; Tøemešná ve Slezsku
755959; Tøemešné pod Pøimdou
750653; Tøemošná u Plznì
750554; Tøemošná u Plznì zastávka
554139; Tøemošnice
749804; Tøeš
749705; Tøeš mìsto
349241; Tøinec
349340; Tøinec-Konská
760421; Tøísov
540369; Tuchomìøice
530766; Tuklaty
555839; Tunìchody
543009; Turnov
553206; Turnov mìsto
549493; Tvršice
740522; Tın nad Vltavou
534743; Tınec nad Labem
557868; Tınec nad Sázavou
563056; Tıništì
531806; Tıništì nad Orlicí
737858; Úborsko
743559; Údolí
365759; Uherské Hradištì
536839; Uhersko
365858; Uherskı Brod
354951; Uherskı Ostroh
563866; Uhlíøské Janovice
544866; Úholièky
555730; Úhøetice
366054; Uhøice u Kyjova
760249; Újezd nad Zbeènem
755652; Újezd Svatého Køíe
361352; Újezd u Brna
540807; Újezd u Chocnì
351221; Újezd u Unièova
740027; Újezdec u Èíèenic
366153; Újezdec u Luhaèovic
544098; Unèín
536268; Unhoš
351122; Unièov
351320; Unièov zastávka
555490; Úpohlavy
551390; Úpoøiny
748624; Urbaneè
531798; Ústí nad Labem hlavní nádraí
531996; Ústí nad Labem sever
531590; Ústí nad Labem západ
521898; Ústí nad Labem-Mariánská skála
522094; Ústí nad Labem-Olšinky
532093; Ústí nad Labem-Støekov
522292; Ústí nad Labem-Vìtruše
538637; Ústí nad Orlicí
538736; Ústí nad Orlicí mìsto
557900; Ústí u Staré Paky
354829; Ústí u Vsetína
354928; Ústí u Vsetína zastávka
570598; Úštìk
346841; Úvalno
530469; Úvaly
546069; Úice
538801; Václavice
757450; Vahaneè
351429; Valašská Polanka
366351; Valašské Klobouky
351627; Valašské Meziøíèí
366450; Valašské Pøíkazy
566497; Valdek
352229; Valšov
366559; Valtice
366757; Valtice mìsto
561795; Valtíøov
749655; Valy u Mariánskıch Lázní
535336; Valy u Pøelouèe
557231; Valy u Pøelouèe zastávka
541607; Vamberk
352427; Vápenná
566893; Varnsdorf
567099; Varnsdorf staré nádraí
342543; Vávrovice
753525; Vèelná
745620; Vèelnièka
746750; Vejprnice
539494; Vejprty
539593; Vejprty koupalištì
539692; Vejprty zastávka
555631; Vejvanovice
544247; Veleliby
752923; Velešín
753020; Velešín mìstys
359158; Velešovice
533075; Veletice
531566; Velim
545863; Velká Buèina
352823; Velká Bystøice
353029; Velká Bystøice zastávka
575100; Velká Jesenice
337725; Velká Kraš
337923; Velká Kraš zastávka
371450; Velká nad Velièkou
300756; Velká nad Velièkou státní hranice
348524; Velká Štáhle
732321; Velká Turná
330746; Velké Albrechtice
560599; Velké Bøezno
552422; Velké Hamry
337840; Velké Hoštice
736157; Velké Hydèice
353128; Velké Karlovice
353326; Velké Karlovice zastávka
345421; Velké Losiny
345520; Velké Losiny zastávka
366856; Velké Meziøíèí
367458; Velké Meziøíèí zastávka
367557; Velké Opatovice
367656; Velké Pavlovice
367854; Velké Pavlovice zastávka
538512; Velké Poøíèí
574301; Velké Svatoòovice
532440; Velké Zboí
531293; Velké ernoseky
738757; Velkı Bor
561811; Velkı Borek
356659; Velkı Dvùr
571893; Velkı Grunov
767152; Velkı Luh
533141; Velkı Osek
749028; Velkı Pìèín
734756; Velkı Rybník
565895; Velkı Šenov
566091; Velkı Šenov zastávka
572297; Velkı Valtinov
546291; Veltìe
533240; Veltruby
545665; Velvary
547497; Velvìty
551432; Vendolí
551333; Vendolí zastávka
331249; Vendrynì
533505; Vermìøovice
349845; Veøovice
350959; Vesce
551226; Vesec u Liberce
563197; Veselé pod Rabštejnem
735522; Veselí nad Lunicí
735423; Veselí nad Lunicí zastávka
367953; Veselí nad Moravou
372052; Veselí nad Moravou-Zarazice
557330; Veselí u Pøelouèe
370254; Veselíèko
346254; Vésky
341156; Vìky
359356; Vìná
571802; Víchová nad Jizerou
338020; Vidnava
349829; Vikıøovice
359828; Vikıøovice u penzionu
359729; Vikıøovice-Lesní
535997; Vilémov u Kadanì
536391; Vilémov u Kadanì mìsto
565796; Vilémov u Šluknova
562355; Vilémovice
557595; Vilsnice
751222; Vimperk
751321; Vimperk zastávka
547422; Višòová
0; Vítanov
536490; Vitèice
555201; Vitinìves
350041; Vítkov
368050; Vizovice
768044; Viina
368258; Vladislav
365353; Vladislav zastávka
371856; Vlárskı prùsmyk
301051; Vlárskı prùsmyk státní hranice
742627; Vlásenice
535906; Vlaské
756122; Vlastec
561761; Vlastìjovice
553560; Vlašim
553768; Vlašim zastávka
361956; Vlèatín
571596; Vlèí Dùl-Dobranov
570101; Vlèice
541045; Vlkaneè
735969; Vlkanov
368357; Vlkoš
737528; Vlkov nad Lunicí
368456; Vlkov u Tišnova
559468; Vlkovec
744250; Vlkovice
371153; Vnorovy
748251; Vochov
562116; Vodìrady
745158; Vodná
737627; Vodòany
555508; Vojice
758458; Vojkovice nad Ohøí
339655; Vojkovice nad Svratkou
740258; Vojtanov
730952; Vojtanov obec
700252; Vojtanov státní hranice
548636; Vojtìchov
739128; Volary
548693; Volevèice
750521; Volynì
766956; Vonšov
551564; Voraèice
552067; Votice
760728; Vrábèe
336255; Vracov
357129; Vrahovice
543264; Vraòany
555466; Vrané nad Vltavou
560862; Vranice
748756; Vranov u Støíbra
368753; Vranovice
537365; Vranı
350348; Vratimov
551424; Vratislavice nad Nisou
560813; Vrátno
548362; Vrá u Berouna
730721; Vrá u Písku
540971; Vrakov
353425; Vrbátky
548230; Vrbatùv Kostelec
566166; Vrbèany
541870; Vrbka
536979; Vrbno nad Lesy
353623; Vrbno pod Pradìdem
354126; Vrbno pod Pradìdem zastávka
572008; Vrchlabí
551465; Vrchotovy Janovice
539007; Vrchoviny
756320; Vrcovice
540740; Vrdy-Koudelov
737155; Vrhaveè
752261; Vroutek
354423; Vsetín
750257; Všeboø
754325; Všechlapy
562413; Všejany
741256; Všenice
532366; Všenory
767947; Všeradice
556605; Všestary
762146; Všesulov
530147; Všetaty
338756; Všetuly
752824; Vıheò
538793; Vısluní
742254; Vysoká Pec
552836; Vysoké Mıto
553032; Vysoké Mıto mìsto
358655; Vysoké Popovice
536599; Vysoké Tøebušice
335729; Vysoké ibøidovice
368951; Vyškov na Moravì
548792; Vıškov v Èechách
741124; Vyšné
747626; Vyšší Brod
747725; Vyšší Brod klášter
733428; Záblatíèko
534545; Záboøí nad Labem
739920; Záboøí u Èíèenic
355024; Zábøeh na Moravì
355420; Zábøeh na Moravì zastávka
337949; Zábøeh u Hluèína
563908; Zachrašany
764142; Zadní Poøíèí
532069; Zadní Tøebaò
368159; Zádveøice
364851; Záhlinice
353755; Záhorovice
756221; Záhoøí
733550; Záhoøice
571091; Zahrádky u Èeské Lípy
566794; Zahrady u Rumburka
369058; Zajeèí
547034; Zajeèice
742320; Zajíèkov
545368; Zákolany
539965; Zákolany zastávka
571299; Zákupy
565762; Zalešany
542977; Záluí
532705; Zámìl
766659; Zámìlíè
536938; Zámrsk
565267; Zásmuky
369157; Zastávka u Brna
352120; Zašová
751925; Zátoò
751826; Zátoò zastávka
331322; Zátor
345348; Závada
762047; Zavidov
731729; Závišín
554535; Závratec
760348; Zbeèno
731554; Zbiroh
360156; Zbonìk
369454; Zborovice
369850; Zborovice zastávka
562660; Zbraslavice
746958; Zbùch
733220; Zbudov
549360; Zbuzany
345652; Zbıšov
738922; Zbytiny
739656; Zdemyslice
545210; Zdìtín u Chotìtova
344051; Zdìtín u Prostìjova
731042; Zdice
552125; Zdislava
554063; Zdislavice
369355; Zdounky
769752; Zelená Lhota
548164; Zeleneè
539569; Zemìchy
760223; Zlatá Koruna
355222; Zlaté Hory
550863; Zlenice
337550; Zlín støed
355156; Zlín-Dlouhá
337659; Zlín-Louky
355354; Zlín-Louky obchodní centrum
337451; Zlín-Malenovice
355859; Zlín-Malenovice zastávka
337758; Zlín-Podvesná
337857; Zlín-Prštné
337956; Zlín-Pøíluky
355255; Zlín-U mlına
733121; Zliv
537563; Zlonice
537662; Zlonice zastávka
544262; Zlonín
369553; Znojmo
553669; Znosim
561365; Zruè nad Sázavou
561464; Zruè nad Sázavou zastávka
348029; Zubøí
538462; Zvolenìves
339754; abèice
538090; abokliky
565960; abonosy
542175; abovøesky nad Ohøí
572602; acléø
551598; alany
551796; alany zastávka
570093; alhostice
533208; amberk
563395; andov
537795; atec
537894; atec západ
369751; dánice
538108; ïár nad Metují
540609; ïár nad Orlicí
370155; ïár nad Sázavou
745323; ïár u Kamenice nad Lipou
548131; ïárec u Skutèe
549030; dírec nad Doubravou
739458; dírec u Plznì
536896; dov
370650; elechovice nad Døevnicí
533471; eleè
545491; elenice nad Bílinou
539866; elenice u Slaného
533497; elénky
770255; elezná Ruda-Albìtín
770354; elezná Ruda centrum
770156; elezná Ruda mìsto
700450; elezná Ruda státní hranice
554105; eleznice
565820; eleznı Brod
535898; elina
562769; elivec
746537; elvice
348847; enklava
539536; ichlínek
736256; ichovice
370759; idlochovice
751651; ihle
552091; im
567503; ireè
561217; ivonín
746735; ivotice
537696; ielice
759324; lábek
554238; lebské Chvalovice
554741; leby
554642; leby zastávka
760546; loukovice
733659; lutice
355727; ulová
0;Zubrnice
0;Tábor-Èápùv Dvùr
0;Trutnov-Zelená Louka
0;Nejdek-Oldøichov
0;Nejdek-Sejfy
0;Nejdek-Suchá
0;Nejdek-Tisová
0;Jindøiš zastávka
0;Jablonec nad Nisou centrum 
0;Znojmo-Novı Šaldorf 
